run,type,module,name,attrname,attrvalue,value
General-6-20231217-12:28:07-2548,runattr,,,configname,General,
General-6-20231217-12:28:07-2548,runattr,,,datetime,20231217-12:28:07,
General-6-20231217-12:28:07-2548,runattr,,,datetimef,20231217-122807,
General-6-20231217-12:28:07-2548,runattr,,,experiment,General,
General-6-20231217-12:28:07-2548,runattr,,,inifile,omnetpp.ini,
General-6-20231217-12:28:07-2548,runattr,,,iterationvars,,
General-6-20231217-12:28:07-2548,runattr,,,iterationvarsd,,
General-6-20231217-12:28:07-2548,runattr,,,iterationvarsf,,
General-6-20231217-12:28:07-2548,runattr,,,measurement,,
General-6-20231217-12:28:07-2548,runattr,,,network,SuperMarket,
General-6-20231217-12:28:07-2548,runattr,,,processid,2548,
General-6-20231217-12:28:07-2548,runattr,,,repetition,6,
General-6-20231217-12:28:07-2548,runattr,,,replication,#6,
General-6-20231217-12:28:07-2548,runattr,,,resultdir,results,
General-6-20231217-12:28:07-2548,runattr,,,runnumber,6,
General-6-20231217-12:28:07-2548,runattr,,,seedset,6,
General-6-20231217-12:28:07-2548,config,,,network,SuperMarket,
General-6-20231217-12:28:07-2548,config,,,sim-time-limit,60s * 60 * 24,
General-6-20231217-12:28:07-2548,config,,,repeat,40,
General-6-20231217-12:28:07-2548,config,,,seed-set,6,
General-6-20231217-12:28:07-2548,config,,,SuperMarket.C,4,
General-6-20231217-12:28:07-2548,config,,,SuperMarket.checkout.p,0.5,
General-6-20231217-12:28:07-2548,config,,,SuperMarket.checkout.classifier.K,8,
General-6-20231217-12:28:07-2548,config,,,SuperMarket.checkout.queues.serviceTime,3s,
General-6-20231217-12:28:07-2548,config,,,num-rngs,2,
General-6-20231217-12:28:07-2548,config,,,SuperMarket.source.rng-0,0,
General-6-20231217-12:28:07-2548,config,,,SuperMarket.source.rng-1,1,
General-6-20231217-12:28:07-2548,config,,,SuperMarket.source.interArrivalTime,"exponential(30s, 0)",
General-6-20231217-12:28:07-2548,config,,,SuperMarket.source.numberOfItems,"int(exponential(20, 1))",
General-6-20231217-12:28:07-2548,config,,,SuperMarket.checkout.classifier.policy,"""jtsq""",
General-8-20231217-12:28:07-21804,runattr,,,configname,General,
General-8-20231217-12:28:07-21804,runattr,,,datetime,20231217-12:28:07,
General-8-20231217-12:28:07-21804,runattr,,,datetimef,20231217-122807,
General-8-20231217-12:28:07-21804,runattr,,,experiment,General,
General-8-20231217-12:28:07-21804,runattr,,,inifile,omnetpp.ini,
General-8-20231217-12:28:07-21804,runattr,,,iterationvars,,
General-8-20231217-12:28:07-21804,runattr,,,iterationvarsd,,
General-8-20231217-12:28:07-21804,runattr,,,iterationvarsf,,
General-8-20231217-12:28:07-21804,runattr,,,measurement,,
General-8-20231217-12:28:07-21804,runattr,,,network,SuperMarket,
General-8-20231217-12:28:07-21804,runattr,,,processid,21804,
General-8-20231217-12:28:07-21804,runattr,,,repetition,8,
General-8-20231217-12:28:07-21804,runattr,,,replication,#8,
General-8-20231217-12:28:07-21804,runattr,,,resultdir,results,
General-8-20231217-12:28:07-21804,runattr,,,runnumber,8,
General-8-20231217-12:28:07-21804,runattr,,,seedset,8,
General-8-20231217-12:28:07-21804,config,,,network,SuperMarket,
General-8-20231217-12:28:07-21804,config,,,sim-time-limit,60s * 60 * 24,
General-8-20231217-12:28:07-21804,config,,,repeat,40,
General-8-20231217-12:28:07-21804,config,,,seed-set,8,
General-8-20231217-12:28:07-21804,config,,,SuperMarket.C,4,
General-8-20231217-12:28:07-21804,config,,,SuperMarket.checkout.p,0.5,
General-8-20231217-12:28:07-21804,config,,,SuperMarket.checkout.classifier.K,8,
General-8-20231217-12:28:07-21804,config,,,SuperMarket.checkout.queues.serviceTime,3s,
General-8-20231217-12:28:07-21804,config,,,num-rngs,2,
General-8-20231217-12:28:07-21804,config,,,SuperMarket.source.rng-0,0,
General-8-20231217-12:28:07-21804,config,,,SuperMarket.source.rng-1,1,
General-8-20231217-12:28:07-21804,config,,,SuperMarket.source.interArrivalTime,"exponential(30s, 0)",
General-8-20231217-12:28:07-21804,config,,,SuperMarket.source.numberOfItems,"int(exponential(20, 1))",
General-8-20231217-12:28:07-21804,config,,,SuperMarket.checkout.classifier.policy,"""jtsq""",
General-9-20231217-12:28:07-8412,runattr,,,configname,General,
General-9-20231217-12:28:07-8412,runattr,,,datetime,20231217-12:28:07,
General-9-20231217-12:28:07-8412,runattr,,,datetimef,20231217-122807,
General-9-20231217-12:28:07-8412,runattr,,,experiment,General,
General-9-20231217-12:28:07-8412,runattr,,,inifile,omnetpp.ini,
General-9-20231217-12:28:07-8412,runattr,,,iterationvars,,
General-9-20231217-12:28:07-8412,runattr,,,iterationvarsd,,
General-9-20231217-12:28:07-8412,runattr,,,iterationvarsf,,
General-9-20231217-12:28:07-8412,runattr,,,measurement,,
General-9-20231217-12:28:07-8412,runattr,,,network,SuperMarket,
General-9-20231217-12:28:07-8412,runattr,,,processid,8412,
General-9-20231217-12:28:07-8412,runattr,,,repetition,9,
General-9-20231217-12:28:07-8412,runattr,,,replication,#9,
General-9-20231217-12:28:07-8412,runattr,,,resultdir,results,
General-9-20231217-12:28:07-8412,runattr,,,runnumber,9,
General-9-20231217-12:28:07-8412,runattr,,,seedset,9,
General-9-20231217-12:28:07-8412,config,,,network,SuperMarket,
General-9-20231217-12:28:07-8412,config,,,sim-time-limit,60s * 60 * 24,
General-9-20231217-12:28:07-8412,config,,,repeat,40,
General-9-20231217-12:28:07-8412,config,,,seed-set,9,
General-9-20231217-12:28:07-8412,config,,,SuperMarket.C,4,
General-9-20231217-12:28:07-8412,config,,,SuperMarket.checkout.p,0.5,
General-9-20231217-12:28:07-8412,config,,,SuperMarket.checkout.classifier.K,8,
General-9-20231217-12:28:07-8412,config,,,SuperMarket.checkout.queues.serviceTime,3s,
General-9-20231217-12:28:07-8412,config,,,num-rngs,2,
General-9-20231217-12:28:07-8412,config,,,SuperMarket.source.rng-0,0,
General-9-20231217-12:28:07-8412,config,,,SuperMarket.source.rng-1,1,
General-9-20231217-12:28:07-8412,config,,,SuperMarket.source.interArrivalTime,"exponential(30s, 0)",
General-9-20231217-12:28:07-8412,config,,,SuperMarket.source.numberOfItems,"int(exponential(20, 1))",
General-9-20231217-12:28:07-8412,config,,,SuperMarket.checkout.classifier.policy,"""jtsq""",
General-17-20231217-12:28:08-8712,runattr,,,configname,General,
General-17-20231217-12:28:08-8712,runattr,,,datetime,20231217-12:28:08,
General-17-20231217-12:28:08-8712,runattr,,,datetimef,20231217-122808,
General-17-20231217-12:28:08-8712,runattr,,,experiment,General,
General-17-20231217-12:28:08-8712,runattr,,,inifile,omnetpp.ini,
General-17-20231217-12:28:08-8712,runattr,,,iterationvars,,
General-17-20231217-12:28:08-8712,runattr,,,iterationvarsd,,
General-17-20231217-12:28:08-8712,runattr,,,iterationvarsf,,
General-17-20231217-12:28:08-8712,runattr,,,measurement,,
General-17-20231217-12:28:08-8712,runattr,,,network,SuperMarket,
General-17-20231217-12:28:08-8712,runattr,,,processid,8712,
General-17-20231217-12:28:08-8712,runattr,,,repetition,17,
General-17-20231217-12:28:08-8712,runattr,,,replication,#17,
General-17-20231217-12:28:08-8712,runattr,,,resultdir,results,
General-17-20231217-12:28:08-8712,runattr,,,runnumber,17,
General-17-20231217-12:28:08-8712,runattr,,,seedset,17,
General-17-20231217-12:28:08-8712,config,,,network,SuperMarket,
General-17-20231217-12:28:08-8712,config,,,sim-time-limit,60s * 60 * 24,
General-17-20231217-12:28:08-8712,config,,,repeat,40,
General-17-20231217-12:28:08-8712,config,,,seed-set,17,
General-17-20231217-12:28:08-8712,config,,,SuperMarket.C,4,
General-17-20231217-12:28:08-8712,config,,,SuperMarket.checkout.p,0.5,
General-17-20231217-12:28:08-8712,config,,,SuperMarket.checkout.classifier.K,8,
General-17-20231217-12:28:08-8712,config,,,SuperMarket.checkout.queues.serviceTime,3s,
General-17-20231217-12:28:08-8712,config,,,num-rngs,2,
General-17-20231217-12:28:08-8712,config,,,SuperMarket.source.rng-0,0,
General-17-20231217-12:28:08-8712,config,,,SuperMarket.source.rng-1,1,
General-17-20231217-12:28:08-8712,config,,,SuperMarket.source.interArrivalTime,"exponential(30s, 0)",
General-17-20231217-12:28:08-8712,config,,,SuperMarket.source.numberOfItems,"int(exponential(20, 1))",
General-17-20231217-12:28:08-8712,config,,,SuperMarket.checkout.classifier.policy,"""jtsq""",
General-12-20231217-12:28:08-21668,runattr,,,configname,General,
General-12-20231217-12:28:08-21668,runattr,,,datetime,20231217-12:28:08,
General-12-20231217-12:28:08-21668,runattr,,,datetimef,20231217-122808,
General-12-20231217-12:28:08-21668,runattr,,,experiment,General,
General-12-20231217-12:28:08-21668,runattr,,,inifile,omnetpp.ini,
General-12-20231217-12:28:08-21668,runattr,,,iterationvars,,
General-12-20231217-12:28:08-21668,runattr,,,iterationvarsd,,
General-12-20231217-12:28:08-21668,runattr,,,iterationvarsf,,
General-12-20231217-12:28:08-21668,runattr,,,measurement,,
General-12-20231217-12:28:08-21668,runattr,,,network,SuperMarket,
General-12-20231217-12:28:08-21668,runattr,,,processid,21668,
General-12-20231217-12:28:08-21668,runattr,,,repetition,12,
General-12-20231217-12:28:08-21668,runattr,,,replication,#12,
General-12-20231217-12:28:08-21668,runattr,,,resultdir,results,
General-12-20231217-12:28:08-21668,runattr,,,runnumber,12,
General-12-20231217-12:28:08-21668,runattr,,,seedset,12,
General-12-20231217-12:28:08-21668,config,,,network,SuperMarket,
General-12-20231217-12:28:08-21668,config,,,sim-time-limit,60s * 60 * 24,
General-12-20231217-12:28:08-21668,config,,,repeat,40,
General-12-20231217-12:28:08-21668,config,,,seed-set,12,
General-12-20231217-12:28:08-21668,config,,,SuperMarket.C,4,
General-12-20231217-12:28:08-21668,config,,,SuperMarket.checkout.p,0.5,
General-12-20231217-12:28:08-21668,config,,,SuperMarket.checkout.classifier.K,8,
General-12-20231217-12:28:08-21668,config,,,SuperMarket.checkout.queues.serviceTime,3s,
General-12-20231217-12:28:08-21668,config,,,num-rngs,2,
General-12-20231217-12:28:08-21668,config,,,SuperMarket.source.rng-0,0,
General-12-20231217-12:28:08-21668,config,,,SuperMarket.source.rng-1,1,
General-12-20231217-12:28:08-21668,config,,,SuperMarket.source.interArrivalTime,"exponential(30s, 0)",
General-12-20231217-12:28:08-21668,config,,,SuperMarket.source.numberOfItems,"int(exponential(20, 1))",
General-12-20231217-12:28:08-21668,config,,,SuperMarket.checkout.classifier.policy,"""jtsq""",
General-0-20231217-12:28:06-10844,runattr,,,configname,General,
General-0-20231217-12:28:06-10844,runattr,,,datetime,20231217-12:28:06,
General-0-20231217-12:28:06-10844,runattr,,,datetimef,20231217-122806,
General-0-20231217-12:28:06-10844,runattr,,,experiment,General,
General-0-20231217-12:28:06-10844,runattr,,,inifile,omnetpp.ini,
General-0-20231217-12:28:06-10844,runattr,,,iterationvars,,
General-0-20231217-12:28:06-10844,runattr,,,iterationvarsd,,
General-0-20231217-12:28:06-10844,runattr,,,iterationvarsf,,
General-0-20231217-12:28:06-10844,runattr,,,measurement,,
General-0-20231217-12:28:06-10844,runattr,,,network,SuperMarket,
General-0-20231217-12:28:06-10844,runattr,,,processid,10844,
General-0-20231217-12:28:06-10844,runattr,,,repetition,0,
General-0-20231217-12:28:06-10844,runattr,,,replication,#0,
General-0-20231217-12:28:06-10844,runattr,,,resultdir,results,
General-0-20231217-12:28:06-10844,runattr,,,runnumber,0,
General-0-20231217-12:28:06-10844,runattr,,,seedset,0,
General-0-20231217-12:28:06-10844,config,,,network,SuperMarket,
General-0-20231217-12:28:06-10844,config,,,sim-time-limit,60s * 60 * 24,
General-0-20231217-12:28:06-10844,config,,,repeat,40,
General-0-20231217-12:28:06-10844,config,,,seed-set,0,
General-0-20231217-12:28:06-10844,config,,,SuperMarket.C,4,
General-0-20231217-12:28:06-10844,config,,,SuperMarket.checkout.p,0.5,
General-0-20231217-12:28:06-10844,config,,,SuperMarket.checkout.classifier.K,8,
General-0-20231217-12:28:06-10844,config,,,SuperMarket.checkout.queues.serviceTime,3s,
General-0-20231217-12:28:06-10844,config,,,num-rngs,2,
General-0-20231217-12:28:06-10844,config,,,SuperMarket.source.rng-0,0,
General-0-20231217-12:28:06-10844,config,,,SuperMarket.source.rng-1,1,
General-0-20231217-12:28:06-10844,config,,,SuperMarket.source.interArrivalTime,"exponential(30s, 0)",
General-0-20231217-12:28:06-10844,config,,,SuperMarket.source.numberOfItems,"int(exponential(20, 1))",
General-0-20231217-12:28:06-10844,config,,,SuperMarket.checkout.classifier.policy,"""jtsq""",
General-16-20231217-12:28:08-18952,runattr,,,configname,General,
General-16-20231217-12:28:08-18952,runattr,,,datetime,20231217-12:28:08,
General-16-20231217-12:28:08-18952,runattr,,,datetimef,20231217-122808,
General-16-20231217-12:28:08-18952,runattr,,,experiment,General,
General-16-20231217-12:28:08-18952,runattr,,,inifile,omnetpp.ini,
General-16-20231217-12:28:08-18952,runattr,,,iterationvars,,
General-16-20231217-12:28:08-18952,runattr,,,iterationvarsd,,
General-16-20231217-12:28:08-18952,runattr,,,iterationvarsf,,
General-16-20231217-12:28:08-18952,runattr,,,measurement,,
General-16-20231217-12:28:08-18952,runattr,,,network,SuperMarket,
General-16-20231217-12:28:08-18952,runattr,,,processid,18952,
General-16-20231217-12:28:08-18952,runattr,,,repetition,16,
General-16-20231217-12:28:08-18952,runattr,,,replication,#16,
General-16-20231217-12:28:08-18952,runattr,,,resultdir,results,
General-16-20231217-12:28:08-18952,runattr,,,runnumber,16,
General-16-20231217-12:28:08-18952,runattr,,,seedset,16,
General-16-20231217-12:28:08-18952,config,,,network,SuperMarket,
General-16-20231217-12:28:08-18952,config,,,sim-time-limit,60s * 60 * 24,
General-16-20231217-12:28:08-18952,config,,,repeat,40,
General-16-20231217-12:28:08-18952,config,,,seed-set,16,
General-16-20231217-12:28:08-18952,config,,,SuperMarket.C,4,
General-16-20231217-12:28:08-18952,config,,,SuperMarket.checkout.p,0.5,
General-16-20231217-12:28:08-18952,config,,,SuperMarket.checkout.classifier.K,8,
General-16-20231217-12:28:08-18952,config,,,SuperMarket.checkout.queues.serviceTime,3s,
General-16-20231217-12:28:08-18952,config,,,num-rngs,2,
General-16-20231217-12:28:08-18952,config,,,SuperMarket.source.rng-0,0,
General-16-20231217-12:28:08-18952,config,,,SuperMarket.source.rng-1,1,
General-16-20231217-12:28:08-18952,config,,,SuperMarket.source.interArrivalTime,"exponential(30s, 0)",
General-16-20231217-12:28:08-18952,config,,,SuperMarket.source.numberOfItems,"int(exponential(20, 1))",
General-16-20231217-12:28:08-18952,config,,,SuperMarket.checkout.classifier.policy,"""jtsq""",
General-14-20231217-12:28:08-11424,runattr,,,configname,General,
General-14-20231217-12:28:08-11424,runattr,,,datetime,20231217-12:28:08,
General-14-20231217-12:28:08-11424,runattr,,,datetimef,20231217-122808,
General-14-20231217-12:28:08-11424,runattr,,,experiment,General,
General-14-20231217-12:28:08-11424,runattr,,,inifile,omnetpp.ini,
General-14-20231217-12:28:08-11424,runattr,,,iterationvars,,
General-14-20231217-12:28:08-11424,runattr,,,iterationvarsd,,
General-14-20231217-12:28:08-11424,runattr,,,iterationvarsf,,
General-14-20231217-12:28:08-11424,runattr,,,measurement,,
General-14-20231217-12:28:08-11424,runattr,,,network,SuperMarket,
General-14-20231217-12:28:08-11424,runattr,,,processid,11424,
General-14-20231217-12:28:08-11424,runattr,,,repetition,14,
General-14-20231217-12:28:08-11424,runattr,,,replication,#14,
General-14-20231217-12:28:08-11424,runattr,,,resultdir,results,
General-14-20231217-12:28:08-11424,runattr,,,runnumber,14,
General-14-20231217-12:28:08-11424,runattr,,,seedset,14,
General-14-20231217-12:28:08-11424,config,,,network,SuperMarket,
General-14-20231217-12:28:08-11424,config,,,sim-time-limit,60s * 60 * 24,
General-14-20231217-12:28:08-11424,config,,,repeat,40,
General-14-20231217-12:28:08-11424,config,,,seed-set,14,
General-14-20231217-12:28:08-11424,config,,,SuperMarket.C,4,
General-14-20231217-12:28:08-11424,config,,,SuperMarket.checkout.p,0.5,
General-14-20231217-12:28:08-11424,config,,,SuperMarket.checkout.classifier.K,8,
General-14-20231217-12:28:08-11424,config,,,SuperMarket.checkout.queues.serviceTime,3s,
General-14-20231217-12:28:08-11424,config,,,num-rngs,2,
General-14-20231217-12:28:08-11424,config,,,SuperMarket.source.rng-0,0,
General-14-20231217-12:28:08-11424,config,,,SuperMarket.source.rng-1,1,
General-14-20231217-12:28:08-11424,config,,,SuperMarket.source.interArrivalTime,"exponential(30s, 0)",
General-14-20231217-12:28:08-11424,config,,,SuperMarket.source.numberOfItems,"int(exponential(20, 1))",
General-14-20231217-12:28:08-11424,config,,,SuperMarket.checkout.classifier.policy,"""jtsq""",
General-3-20231217-12:28:06-7104,runattr,,,configname,General,
General-3-20231217-12:28:06-7104,runattr,,,datetime,20231217-12:28:06,
General-3-20231217-12:28:06-7104,runattr,,,datetimef,20231217-122806,
General-3-20231217-12:28:06-7104,runattr,,,experiment,General,
General-3-20231217-12:28:06-7104,runattr,,,inifile,omnetpp.ini,
General-3-20231217-12:28:06-7104,runattr,,,iterationvars,,
General-3-20231217-12:28:06-7104,runattr,,,iterationvarsd,,
General-3-20231217-12:28:06-7104,runattr,,,iterationvarsf,,
General-3-20231217-12:28:06-7104,runattr,,,measurement,,
General-3-20231217-12:28:06-7104,runattr,,,network,SuperMarket,
General-3-20231217-12:28:06-7104,runattr,,,processid,7104,
General-3-20231217-12:28:06-7104,runattr,,,repetition,3,
General-3-20231217-12:28:06-7104,runattr,,,replication,#3,
General-3-20231217-12:28:06-7104,runattr,,,resultdir,results,
General-3-20231217-12:28:06-7104,runattr,,,runnumber,3,
General-3-20231217-12:28:06-7104,runattr,,,seedset,3,
General-3-20231217-12:28:06-7104,config,,,network,SuperMarket,
General-3-20231217-12:28:06-7104,config,,,sim-time-limit,60s * 60 * 24,
General-3-20231217-12:28:06-7104,config,,,repeat,40,
General-3-20231217-12:28:06-7104,config,,,seed-set,3,
General-3-20231217-12:28:06-7104,config,,,SuperMarket.C,4,
General-3-20231217-12:28:06-7104,config,,,SuperMarket.checkout.p,0.5,
General-3-20231217-12:28:06-7104,config,,,SuperMarket.checkout.classifier.K,8,
General-3-20231217-12:28:06-7104,config,,,SuperMarket.checkout.queues.serviceTime,3s,
General-3-20231217-12:28:06-7104,config,,,num-rngs,2,
General-3-20231217-12:28:06-7104,config,,,SuperMarket.source.rng-0,0,
General-3-20231217-12:28:06-7104,config,,,SuperMarket.source.rng-1,1,
General-3-20231217-12:28:06-7104,config,,,SuperMarket.source.interArrivalTime,"exponential(30s, 0)",
General-3-20231217-12:28:06-7104,config,,,SuperMarket.source.numberOfItems,"int(exponential(20, 1))",
General-3-20231217-12:28:06-7104,config,,,SuperMarket.checkout.classifier.policy,"""jtsq""",
General-10-20231217-12:28:07-18408,runattr,,,configname,General,
General-10-20231217-12:28:07-18408,runattr,,,datetime,20231217-12:28:07,
General-10-20231217-12:28:07-18408,runattr,,,datetimef,20231217-122807,
General-10-20231217-12:28:07-18408,runattr,,,experiment,General,
General-10-20231217-12:28:07-18408,runattr,,,inifile,omnetpp.ini,
General-10-20231217-12:28:07-18408,runattr,,,iterationvars,,
General-10-20231217-12:28:07-18408,runattr,,,iterationvarsd,,
General-10-20231217-12:28:07-18408,runattr,,,iterationvarsf,,
General-10-20231217-12:28:07-18408,runattr,,,measurement,,
General-10-20231217-12:28:07-18408,runattr,,,network,SuperMarket,
General-10-20231217-12:28:07-18408,runattr,,,processid,18408,
General-10-20231217-12:28:07-18408,runattr,,,repetition,10,
General-10-20231217-12:28:07-18408,runattr,,,replication,#10,
General-10-20231217-12:28:07-18408,runattr,,,resultdir,results,
General-10-20231217-12:28:07-18408,runattr,,,runnumber,10,
General-10-20231217-12:28:07-18408,runattr,,,seedset,10,
General-10-20231217-12:28:07-18408,config,,,network,SuperMarket,
General-10-20231217-12:28:07-18408,config,,,sim-time-limit,60s * 60 * 24,
General-10-20231217-12:28:07-18408,config,,,repeat,40,
General-10-20231217-12:28:07-18408,config,,,seed-set,10,
General-10-20231217-12:28:07-18408,config,,,SuperMarket.C,4,
General-10-20231217-12:28:07-18408,config,,,SuperMarket.checkout.p,0.5,
General-10-20231217-12:28:07-18408,config,,,SuperMarket.checkout.classifier.K,8,
General-10-20231217-12:28:07-18408,config,,,SuperMarket.checkout.queues.serviceTime,3s,
General-10-20231217-12:28:07-18408,config,,,num-rngs,2,
General-10-20231217-12:28:07-18408,config,,,SuperMarket.source.rng-0,0,
General-10-20231217-12:28:07-18408,config,,,SuperMarket.source.rng-1,1,
General-10-20231217-12:28:07-18408,config,,,SuperMarket.source.interArrivalTime,"exponential(30s, 0)",
General-10-20231217-12:28:07-18408,config,,,SuperMarket.source.numberOfItems,"int(exponential(20, 1))",
General-10-20231217-12:28:07-18408,config,,,SuperMarket.checkout.classifier.policy,"""jtsq""",
General-7-20231217-12:28:07-22804,runattr,,,configname,General,
General-7-20231217-12:28:07-22804,runattr,,,datetime,20231217-12:28:07,
General-7-20231217-12:28:07-22804,runattr,,,datetimef,20231217-122807,
General-7-20231217-12:28:07-22804,runattr,,,experiment,General,
General-7-20231217-12:28:07-22804,runattr,,,inifile,omnetpp.ini,
General-7-20231217-12:28:07-22804,runattr,,,iterationvars,,
General-7-20231217-12:28:07-22804,runattr,,,iterationvarsd,,
General-7-20231217-12:28:07-22804,runattr,,,iterationvarsf,,
General-7-20231217-12:28:07-22804,runattr,,,measurement,,
General-7-20231217-12:28:07-22804,runattr,,,network,SuperMarket,
General-7-20231217-12:28:07-22804,runattr,,,processid,22804,
General-7-20231217-12:28:07-22804,runattr,,,repetition,7,
General-7-20231217-12:28:07-22804,runattr,,,replication,#7,
General-7-20231217-12:28:07-22804,runattr,,,resultdir,results,
General-7-20231217-12:28:07-22804,runattr,,,runnumber,7,
General-7-20231217-12:28:07-22804,runattr,,,seedset,7,
General-7-20231217-12:28:07-22804,config,,,network,SuperMarket,
General-7-20231217-12:28:07-22804,config,,,sim-time-limit,60s * 60 * 24,
General-7-20231217-12:28:07-22804,config,,,repeat,40,
General-7-20231217-12:28:07-22804,config,,,seed-set,7,
General-7-20231217-12:28:07-22804,config,,,SuperMarket.C,4,
General-7-20231217-12:28:07-22804,config,,,SuperMarket.checkout.p,0.5,
General-7-20231217-12:28:07-22804,config,,,SuperMarket.checkout.classifier.K,8,
General-7-20231217-12:28:07-22804,config,,,SuperMarket.checkout.queues.serviceTime,3s,
General-7-20231217-12:28:07-22804,config,,,num-rngs,2,
General-7-20231217-12:28:07-22804,config,,,SuperMarket.source.rng-0,0,
General-7-20231217-12:28:07-22804,config,,,SuperMarket.source.rng-1,1,
General-7-20231217-12:28:07-22804,config,,,SuperMarket.source.interArrivalTime,"exponential(30s, 0)",
General-7-20231217-12:28:07-22804,config,,,SuperMarket.source.numberOfItems,"int(exponential(20, 1))",
General-7-20231217-12:28:07-22804,config,,,SuperMarket.checkout.classifier.policy,"""jtsq""",
General-2-20231217-12:28:06-21908,runattr,,,configname,General,
General-2-20231217-12:28:06-21908,runattr,,,datetime,20231217-12:28:06,
General-2-20231217-12:28:06-21908,runattr,,,datetimef,20231217-122806,
General-2-20231217-12:28:06-21908,runattr,,,experiment,General,
General-2-20231217-12:28:06-21908,runattr,,,inifile,omnetpp.ini,
General-2-20231217-12:28:06-21908,runattr,,,iterationvars,,
General-2-20231217-12:28:06-21908,runattr,,,iterationvarsd,,
General-2-20231217-12:28:06-21908,runattr,,,iterationvarsf,,
General-2-20231217-12:28:06-21908,runattr,,,measurement,,
General-2-20231217-12:28:06-21908,runattr,,,network,SuperMarket,
General-2-20231217-12:28:06-21908,runattr,,,processid,21908,
General-2-20231217-12:28:06-21908,runattr,,,repetition,2,
General-2-20231217-12:28:06-21908,runattr,,,replication,#2,
General-2-20231217-12:28:06-21908,runattr,,,resultdir,results,
General-2-20231217-12:28:06-21908,runattr,,,runnumber,2,
General-2-20231217-12:28:06-21908,runattr,,,seedset,2,
General-2-20231217-12:28:06-21908,config,,,network,SuperMarket,
General-2-20231217-12:28:06-21908,config,,,sim-time-limit,60s * 60 * 24,
General-2-20231217-12:28:06-21908,config,,,repeat,40,
General-2-20231217-12:28:06-21908,config,,,seed-set,2,
General-2-20231217-12:28:06-21908,config,,,SuperMarket.C,4,
General-2-20231217-12:28:06-21908,config,,,SuperMarket.checkout.p,0.5,
General-2-20231217-12:28:06-21908,config,,,SuperMarket.checkout.classifier.K,8,
General-2-20231217-12:28:06-21908,config,,,SuperMarket.checkout.queues.serviceTime,3s,
General-2-20231217-12:28:06-21908,config,,,num-rngs,2,
General-2-20231217-12:28:06-21908,config,,,SuperMarket.source.rng-0,0,
General-2-20231217-12:28:06-21908,config,,,SuperMarket.source.rng-1,1,
General-2-20231217-12:28:06-21908,config,,,SuperMarket.source.interArrivalTime,"exponential(30s, 0)",
General-2-20231217-12:28:06-21908,config,,,SuperMarket.source.numberOfItems,"int(exponential(20, 1))",
General-2-20231217-12:28:06-21908,config,,,SuperMarket.checkout.classifier.policy,"""jtsq""",
General-1-20231217-12:28:06-12320,runattr,,,configname,General,
General-1-20231217-12:28:06-12320,runattr,,,datetime,20231217-12:28:06,
General-1-20231217-12:28:06-12320,runattr,,,datetimef,20231217-122806,
General-1-20231217-12:28:06-12320,runattr,,,experiment,General,
General-1-20231217-12:28:06-12320,runattr,,,inifile,omnetpp.ini,
General-1-20231217-12:28:06-12320,runattr,,,iterationvars,,
General-1-20231217-12:28:06-12320,runattr,,,iterationvarsd,,
General-1-20231217-12:28:06-12320,runattr,,,iterationvarsf,,
General-1-20231217-12:28:06-12320,runattr,,,measurement,,
General-1-20231217-12:28:06-12320,runattr,,,network,SuperMarket,
General-1-20231217-12:28:06-12320,runattr,,,processid,12320,
General-1-20231217-12:28:06-12320,runattr,,,repetition,1,
General-1-20231217-12:28:06-12320,runattr,,,replication,#1,
General-1-20231217-12:28:06-12320,runattr,,,resultdir,results,
General-1-20231217-12:28:06-12320,runattr,,,runnumber,1,
General-1-20231217-12:28:06-12320,runattr,,,seedset,1,
General-1-20231217-12:28:06-12320,config,,,network,SuperMarket,
General-1-20231217-12:28:06-12320,config,,,sim-time-limit,60s * 60 * 24,
General-1-20231217-12:28:06-12320,config,,,repeat,40,
General-1-20231217-12:28:06-12320,config,,,seed-set,1,
General-1-20231217-12:28:06-12320,config,,,SuperMarket.C,4,
General-1-20231217-12:28:06-12320,config,,,SuperMarket.checkout.p,0.5,
General-1-20231217-12:28:06-12320,config,,,SuperMarket.checkout.classifier.K,8,
General-1-20231217-12:28:06-12320,config,,,SuperMarket.checkout.queues.serviceTime,3s,
General-1-20231217-12:28:06-12320,config,,,num-rngs,2,
General-1-20231217-12:28:06-12320,config,,,SuperMarket.source.rng-0,0,
General-1-20231217-12:28:06-12320,config,,,SuperMarket.source.rng-1,1,
General-1-20231217-12:28:06-12320,config,,,SuperMarket.source.interArrivalTime,"exponential(30s, 0)",
General-1-20231217-12:28:06-12320,config,,,SuperMarket.source.numberOfItems,"int(exponential(20, 1))",
General-1-20231217-12:28:06-12320,config,,,SuperMarket.checkout.classifier.policy,"""jtsq""",
General-13-20231217-12:28:08-12196,runattr,,,configname,General,
General-13-20231217-12:28:08-12196,runattr,,,datetime,20231217-12:28:08,
General-13-20231217-12:28:08-12196,runattr,,,datetimef,20231217-122808,
General-13-20231217-12:28:08-12196,runattr,,,experiment,General,
General-13-20231217-12:28:08-12196,runattr,,,inifile,omnetpp.ini,
General-13-20231217-12:28:08-12196,runattr,,,iterationvars,,
General-13-20231217-12:28:08-12196,runattr,,,iterationvarsd,,
General-13-20231217-12:28:08-12196,runattr,,,iterationvarsf,,
General-13-20231217-12:28:08-12196,runattr,,,measurement,,
General-13-20231217-12:28:08-12196,runattr,,,network,SuperMarket,
General-13-20231217-12:28:08-12196,runattr,,,processid,12196,
General-13-20231217-12:28:08-12196,runattr,,,repetition,13,
General-13-20231217-12:28:08-12196,runattr,,,replication,#13,
General-13-20231217-12:28:08-12196,runattr,,,resultdir,results,
General-13-20231217-12:28:08-12196,runattr,,,runnumber,13,
General-13-20231217-12:28:08-12196,runattr,,,seedset,13,
General-13-20231217-12:28:08-12196,config,,,network,SuperMarket,
General-13-20231217-12:28:08-12196,config,,,sim-time-limit,60s * 60 * 24,
General-13-20231217-12:28:08-12196,config,,,repeat,40,
General-13-20231217-12:28:08-12196,config,,,seed-set,13,
General-13-20231217-12:28:08-12196,config,,,SuperMarket.C,4,
General-13-20231217-12:28:08-12196,config,,,SuperMarket.checkout.p,0.5,
General-13-20231217-12:28:08-12196,config,,,SuperMarket.checkout.classifier.K,8,
General-13-20231217-12:28:08-12196,config,,,SuperMarket.checkout.queues.serviceTime,3s,
General-13-20231217-12:28:08-12196,config,,,num-rngs,2,
General-13-20231217-12:28:08-12196,config,,,SuperMarket.source.rng-0,0,
General-13-20231217-12:28:08-12196,config,,,SuperMarket.source.rng-1,1,
General-13-20231217-12:28:08-12196,config,,,SuperMarket.source.interArrivalTime,"exponential(30s, 0)",
General-13-20231217-12:28:08-12196,config,,,SuperMarket.source.numberOfItems,"int(exponential(20, 1))",
General-13-20231217-12:28:08-12196,config,,,SuperMarket.checkout.classifier.policy,"""jtsq""",
General-15-20231217-12:28:08-19724,runattr,,,configname,General,
General-15-20231217-12:28:08-19724,runattr,,,datetime,20231217-12:28:08,
General-15-20231217-12:28:08-19724,runattr,,,datetimef,20231217-122808,
General-15-20231217-12:28:08-19724,runattr,,,experiment,General,
General-15-20231217-12:28:08-19724,runattr,,,inifile,omnetpp.ini,
General-15-20231217-12:28:08-19724,runattr,,,iterationvars,,
General-15-20231217-12:28:08-19724,runattr,,,iterationvarsd,,
General-15-20231217-12:28:08-19724,runattr,,,iterationvarsf,,
General-15-20231217-12:28:08-19724,runattr,,,measurement,,
General-15-20231217-12:28:08-19724,runattr,,,network,SuperMarket,
General-15-20231217-12:28:08-19724,runattr,,,processid,19724,
General-15-20231217-12:28:08-19724,runattr,,,repetition,15,
General-15-20231217-12:28:08-19724,runattr,,,replication,#15,
General-15-20231217-12:28:08-19724,runattr,,,resultdir,results,
General-15-20231217-12:28:08-19724,runattr,,,runnumber,15,
General-15-20231217-12:28:08-19724,runattr,,,seedset,15,
General-15-20231217-12:28:08-19724,config,,,network,SuperMarket,
General-15-20231217-12:28:08-19724,config,,,sim-time-limit,60s * 60 * 24,
General-15-20231217-12:28:08-19724,config,,,repeat,40,
General-15-20231217-12:28:08-19724,config,,,seed-set,15,
General-15-20231217-12:28:08-19724,config,,,SuperMarket.C,4,
General-15-20231217-12:28:08-19724,config,,,SuperMarket.checkout.p,0.5,
General-15-20231217-12:28:08-19724,config,,,SuperMarket.checkout.classifier.K,8,
General-15-20231217-12:28:08-19724,config,,,SuperMarket.checkout.queues.serviceTime,3s,
General-15-20231217-12:28:08-19724,config,,,num-rngs,2,
General-15-20231217-12:28:08-19724,config,,,SuperMarket.source.rng-0,0,
General-15-20231217-12:28:08-19724,config,,,SuperMarket.source.rng-1,1,
General-15-20231217-12:28:08-19724,config,,,SuperMarket.source.interArrivalTime,"exponential(30s, 0)",
General-15-20231217-12:28:08-19724,config,,,SuperMarket.source.numberOfItems,"int(exponential(20, 1))",
General-15-20231217-12:28:08-19724,config,,,SuperMarket.checkout.classifier.policy,"""jtsq""",
General-4-20231217-12:28:06-21836,runattr,,,configname,General,
General-4-20231217-12:28:06-21836,runattr,,,datetime,20231217-12:28:06,
General-4-20231217-12:28:06-21836,runattr,,,datetimef,20231217-122806,
General-4-20231217-12:28:06-21836,runattr,,,experiment,General,
General-4-20231217-12:28:06-21836,runattr,,,inifile,omnetpp.ini,
General-4-20231217-12:28:06-21836,runattr,,,iterationvars,,
General-4-20231217-12:28:06-21836,runattr,,,iterationvarsd,,
General-4-20231217-12:28:06-21836,runattr,,,iterationvarsf,,
General-4-20231217-12:28:06-21836,runattr,,,measurement,,
General-4-20231217-12:28:06-21836,runattr,,,network,SuperMarket,
General-4-20231217-12:28:06-21836,runattr,,,processid,21836,
General-4-20231217-12:28:06-21836,runattr,,,repetition,4,
General-4-20231217-12:28:06-21836,runattr,,,replication,#4,
General-4-20231217-12:28:06-21836,runattr,,,resultdir,results,
General-4-20231217-12:28:06-21836,runattr,,,runnumber,4,
General-4-20231217-12:28:06-21836,runattr,,,seedset,4,
General-4-20231217-12:28:06-21836,config,,,network,SuperMarket,
General-4-20231217-12:28:06-21836,config,,,sim-time-limit,60s * 60 * 24,
General-4-20231217-12:28:06-21836,config,,,repeat,40,
General-4-20231217-12:28:06-21836,config,,,seed-set,4,
General-4-20231217-12:28:06-21836,config,,,SuperMarket.C,4,
General-4-20231217-12:28:06-21836,config,,,SuperMarket.checkout.p,0.5,
General-4-20231217-12:28:06-21836,config,,,SuperMarket.checkout.classifier.K,8,
General-4-20231217-12:28:06-21836,config,,,SuperMarket.checkout.queues.serviceTime,3s,
General-4-20231217-12:28:06-21836,config,,,num-rngs,2,
General-4-20231217-12:28:06-21836,config,,,SuperMarket.source.rng-0,0,
General-4-20231217-12:28:06-21836,config,,,SuperMarket.source.rng-1,1,
General-4-20231217-12:28:06-21836,config,,,SuperMarket.source.interArrivalTime,"exponential(30s, 0)",
General-4-20231217-12:28:06-21836,config,,,SuperMarket.source.numberOfItems,"int(exponential(20, 1))",
General-4-20231217-12:28:06-21836,config,,,SuperMarket.checkout.classifier.policy,"""jtsq""",
General-5-20231217-12:28:06-18608,runattr,,,configname,General,
General-5-20231217-12:28:06-18608,runattr,,,datetime,20231217-12:28:06,
General-5-20231217-12:28:06-18608,runattr,,,datetimef,20231217-122806,
General-5-20231217-12:28:06-18608,runattr,,,experiment,General,
General-5-20231217-12:28:06-18608,runattr,,,inifile,omnetpp.ini,
General-5-20231217-12:28:06-18608,runattr,,,iterationvars,,
General-5-20231217-12:28:06-18608,runattr,,,iterationvarsd,,
General-5-20231217-12:28:06-18608,runattr,,,iterationvarsf,,
General-5-20231217-12:28:06-18608,runattr,,,measurement,,
General-5-20231217-12:28:06-18608,runattr,,,network,SuperMarket,
General-5-20231217-12:28:06-18608,runattr,,,processid,18608,
General-5-20231217-12:28:06-18608,runattr,,,repetition,5,
General-5-20231217-12:28:06-18608,runattr,,,replication,#5,
General-5-20231217-12:28:06-18608,runattr,,,resultdir,results,
General-5-20231217-12:28:06-18608,runattr,,,runnumber,5,
General-5-20231217-12:28:06-18608,runattr,,,seedset,5,
General-5-20231217-12:28:06-18608,config,,,network,SuperMarket,
General-5-20231217-12:28:06-18608,config,,,sim-time-limit,60s * 60 * 24,
General-5-20231217-12:28:06-18608,config,,,repeat,40,
General-5-20231217-12:28:06-18608,config,,,seed-set,5,
General-5-20231217-12:28:06-18608,config,,,SuperMarket.C,4,
General-5-20231217-12:28:06-18608,config,,,SuperMarket.checkout.p,0.5,
General-5-20231217-12:28:06-18608,config,,,SuperMarket.checkout.classifier.K,8,
General-5-20231217-12:28:06-18608,config,,,SuperMarket.checkout.queues.serviceTime,3s,
General-5-20231217-12:28:06-18608,config,,,num-rngs,2,
General-5-20231217-12:28:06-18608,config,,,SuperMarket.source.rng-0,0,
General-5-20231217-12:28:06-18608,config,,,SuperMarket.source.rng-1,1,
General-5-20231217-12:28:06-18608,config,,,SuperMarket.source.interArrivalTime,"exponential(30s, 0)",
General-5-20231217-12:28:06-18608,config,,,SuperMarket.source.numberOfItems,"int(exponential(20, 1))",
General-5-20231217-12:28:06-18608,config,,,SuperMarket.checkout.classifier.policy,"""jtsq""",
General-11-20231217-12:28:07-22720,runattr,,,configname,General,
General-11-20231217-12:28:07-22720,runattr,,,datetime,20231217-12:28:07,
General-11-20231217-12:28:07-22720,runattr,,,datetimef,20231217-122807,
General-11-20231217-12:28:07-22720,runattr,,,experiment,General,
General-11-20231217-12:28:07-22720,runattr,,,inifile,omnetpp.ini,
General-11-20231217-12:28:07-22720,runattr,,,iterationvars,,
General-11-20231217-12:28:07-22720,runattr,,,iterationvarsd,,
General-11-20231217-12:28:07-22720,runattr,,,iterationvarsf,,
General-11-20231217-12:28:07-22720,runattr,,,measurement,,
General-11-20231217-12:28:07-22720,runattr,,,network,SuperMarket,
General-11-20231217-12:28:07-22720,runattr,,,processid,22720,
General-11-20231217-12:28:07-22720,runattr,,,repetition,11,
General-11-20231217-12:28:07-22720,runattr,,,replication,#11,
General-11-20231217-12:28:07-22720,runattr,,,resultdir,results,
General-11-20231217-12:28:07-22720,runattr,,,runnumber,11,
General-11-20231217-12:28:07-22720,runattr,,,seedset,11,
General-11-20231217-12:28:07-22720,config,,,network,SuperMarket,
General-11-20231217-12:28:07-22720,config,,,sim-time-limit,60s * 60 * 24,
General-11-20231217-12:28:07-22720,config,,,repeat,40,
General-11-20231217-12:28:07-22720,config,,,seed-set,11,
General-11-20231217-12:28:07-22720,config,,,SuperMarket.C,4,
General-11-20231217-12:28:07-22720,config,,,SuperMarket.checkout.p,0.5,
General-11-20231217-12:28:07-22720,config,,,SuperMarket.checkout.classifier.K,8,
General-11-20231217-12:28:07-22720,config,,,SuperMarket.checkout.queues.serviceTime,3s,
General-11-20231217-12:28:07-22720,config,,,num-rngs,2,
General-11-20231217-12:28:07-22720,config,,,SuperMarket.source.rng-0,0,
General-11-20231217-12:28:07-22720,config,,,SuperMarket.source.rng-1,1,
General-11-20231217-12:28:07-22720,config,,,SuperMarket.source.interArrivalTime,"exponential(30s, 0)",
General-11-20231217-12:28:07-22720,config,,,SuperMarket.source.numberOfItems,"int(exponential(20, 1))",
General-11-20231217-12:28:07-22720,config,,,SuperMarket.checkout.classifier.policy,"""jtsq""",
General-18-20231217-12:28:09-13848,runattr,,,configname,General,
General-18-20231217-12:28:09-13848,runattr,,,datetime,20231217-12:28:09,
General-18-20231217-12:28:09-13848,runattr,,,datetimef,20231217-122809,
General-18-20231217-12:28:09-13848,runattr,,,experiment,General,
General-18-20231217-12:28:09-13848,runattr,,,inifile,omnetpp.ini,
General-18-20231217-12:28:09-13848,runattr,,,iterationvars,,
General-18-20231217-12:28:09-13848,runattr,,,iterationvarsd,,
General-18-20231217-12:28:09-13848,runattr,,,iterationvarsf,,
General-18-20231217-12:28:09-13848,runattr,,,measurement,,
General-18-20231217-12:28:09-13848,runattr,,,network,SuperMarket,
General-18-20231217-12:28:09-13848,runattr,,,processid,13848,
General-18-20231217-12:28:09-13848,runattr,,,repetition,18,
General-18-20231217-12:28:09-13848,runattr,,,replication,#18,
General-18-20231217-12:28:09-13848,runattr,,,resultdir,results,
General-18-20231217-12:28:09-13848,runattr,,,runnumber,18,
General-18-20231217-12:28:09-13848,runattr,,,seedset,18,
General-18-20231217-12:28:09-13848,config,,,network,SuperMarket,
General-18-20231217-12:28:09-13848,config,,,sim-time-limit,60s * 60 * 24,
General-18-20231217-12:28:09-13848,config,,,repeat,40,
General-18-20231217-12:28:09-13848,config,,,seed-set,18,
General-18-20231217-12:28:09-13848,config,,,SuperMarket.C,4,
General-18-20231217-12:28:09-13848,config,,,SuperMarket.checkout.p,0.5,
General-18-20231217-12:28:09-13848,config,,,SuperMarket.checkout.classifier.K,8,
General-18-20231217-12:28:09-13848,config,,,SuperMarket.checkout.queues.serviceTime,3s,
General-18-20231217-12:28:09-13848,config,,,num-rngs,2,
General-18-20231217-12:28:09-13848,config,,,SuperMarket.source.rng-0,0,
General-18-20231217-12:28:09-13848,config,,,SuperMarket.source.rng-1,1,
General-18-20231217-12:28:09-13848,config,,,SuperMarket.source.interArrivalTime,"exponential(30s, 0)",
General-18-20231217-12:28:09-13848,config,,,SuperMarket.source.numberOfItems,"int(exponential(20, 1))",
General-18-20231217-12:28:09-13848,config,,,SuperMarket.checkout.classifier.policy,"""jtsq""",
General-0-20231217-12:28:06-10844,scalar,SuperMarket.checkout.queues[0],queueingTime:mean,,,1.0954400313517
General-0-20231217-12:28:06-10844,attr,SuperMarket.checkout.queues[0],queueingTime:mean,interpolationmode,none,
General-0-20231217-12:28:06-10844,attr,SuperMarket.checkout.queues[0],queueingTime:mean,recordingmode,mean,
General-0-20231217-12:28:06-10844,attr,SuperMarket.checkout.queues[0],queueingTime:mean,title,"queueing time at dequeue, mean",
General-0-20231217-12:28:06-10844,attr,SuperMarket.checkout.queues[0],queueingTime:mean,unit,s,
General-0-20231217-12:28:06-10844,scalar,SuperMarket.checkout.queues[1],queueingTime:mean,,,0.16957024583536
General-0-20231217-12:28:06-10844,attr,SuperMarket.checkout.queues[1],queueingTime:mean,interpolationmode,none,
General-0-20231217-12:28:06-10844,attr,SuperMarket.checkout.queues[1],queueingTime:mean,recordingmode,mean,
General-0-20231217-12:28:06-10844,attr,SuperMarket.checkout.queues[1],queueingTime:mean,title,"queueing time at dequeue, mean",
General-0-20231217-12:28:06-10844,attr,SuperMarket.checkout.queues[1],queueingTime:mean,unit,s,
General-0-20231217-12:28:06-10844,scalar,SuperMarket.checkout.queues[2],queueingTime:mean,,,182.4516097143
General-0-20231217-12:28:06-10844,attr,SuperMarket.checkout.queues[2],queueingTime:mean,interpolationmode,none,
General-0-20231217-12:28:06-10844,attr,SuperMarket.checkout.queues[2],queueingTime:mean,recordingmode,mean,
General-0-20231217-12:28:06-10844,attr,SuperMarket.checkout.queues[2],queueingTime:mean,title,"queueing time at dequeue, mean",
General-0-20231217-12:28:06-10844,attr,SuperMarket.checkout.queues[2],queueingTime:mean,unit,s,
General-0-20231217-12:28:06-10844,scalar,SuperMarket.checkout.queues[3],queueingTime:mean,,,163.4945957518
General-0-20231217-12:28:06-10844,attr,SuperMarket.checkout.queues[3],queueingTime:mean,interpolationmode,none,
General-0-20231217-12:28:06-10844,attr,SuperMarket.checkout.queues[3],queueingTime:mean,recordingmode,mean,
General-0-20231217-12:28:06-10844,attr,SuperMarket.checkout.queues[3],queueingTime:mean,title,"queueing time at dequeue, mean",
General-0-20231217-12:28:06-10844,attr,SuperMarket.checkout.queues[3],queueingTime:mean,unit,s,
General-1-20231217-12:28:06-12320,scalar,SuperMarket.checkout.queues[0],queueingTime:mean,,,1.0170406845947
General-1-20231217-12:28:06-12320,attr,SuperMarket.checkout.queues[0],queueingTime:mean,interpolationmode,none,
General-1-20231217-12:28:06-12320,attr,SuperMarket.checkout.queues[0],queueingTime:mean,recordingmode,mean,
General-1-20231217-12:28:06-12320,attr,SuperMarket.checkout.queues[0],queueingTime:mean,title,"queueing time at dequeue, mean",
General-1-20231217-12:28:06-12320,attr,SuperMarket.checkout.queues[0],queueingTime:mean,unit,s,
General-1-20231217-12:28:06-12320,scalar,SuperMarket.checkout.queues[1],queueingTime:mean,,,0
General-1-20231217-12:28:06-12320,attr,SuperMarket.checkout.queues[1],queueingTime:mean,interpolationmode,none,
General-1-20231217-12:28:06-12320,attr,SuperMarket.checkout.queues[1],queueingTime:mean,recordingmode,mean,
General-1-20231217-12:28:06-12320,attr,SuperMarket.checkout.queues[1],queueingTime:mean,title,"queueing time at dequeue, mean",
General-1-20231217-12:28:06-12320,attr,SuperMarket.checkout.queues[1],queueingTime:mean,unit,s,
General-1-20231217-12:28:06-12320,scalar,SuperMarket.checkout.queues[2],queueingTime:mean,,,336.83934767214
General-1-20231217-12:28:06-12320,attr,SuperMarket.checkout.queues[2],queueingTime:mean,interpolationmode,none,
General-1-20231217-12:28:06-12320,attr,SuperMarket.checkout.queues[2],queueingTime:mean,recordingmode,mean,
General-1-20231217-12:28:06-12320,attr,SuperMarket.checkout.queues[2],queueingTime:mean,title,"queueing time at dequeue, mean",
General-1-20231217-12:28:06-12320,attr,SuperMarket.checkout.queues[2],queueingTime:mean,unit,s,
General-1-20231217-12:28:06-12320,scalar,SuperMarket.checkout.queues[3],queueingTime:mean,,,349.22193211307
General-1-20231217-12:28:06-12320,attr,SuperMarket.checkout.queues[3],queueingTime:mean,interpolationmode,none,
General-1-20231217-12:28:06-12320,attr,SuperMarket.checkout.queues[3],queueingTime:mean,recordingmode,mean,
General-1-20231217-12:28:06-12320,attr,SuperMarket.checkout.queues[3],queueingTime:mean,title,"queueing time at dequeue, mean",
General-1-20231217-12:28:06-12320,attr,SuperMarket.checkout.queues[3],queueingTime:mean,unit,s,
General-2-20231217-12:28:06-21908,scalar,SuperMarket.checkout.queues[0],queueingTime:mean,,,0.98223107571468
General-2-20231217-12:28:06-21908,attr,SuperMarket.checkout.queues[0],queueingTime:mean,interpolationmode,none,
General-2-20231217-12:28:06-21908,attr,SuperMarket.checkout.queues[0],queueingTime:mean,recordingmode,mean,
General-2-20231217-12:28:06-21908,attr,SuperMarket.checkout.queues[0],queueingTime:mean,title,"queueing time at dequeue, mean",
General-2-20231217-12:28:06-21908,attr,SuperMarket.checkout.queues[0],queueingTime:mean,unit,s,
General-2-20231217-12:28:06-21908,scalar,SuperMarket.checkout.queues[1],queueingTime:mean,,,0.18974065058712
General-2-20231217-12:28:06-21908,attr,SuperMarket.checkout.queues[1],queueingTime:mean,interpolationmode,none,
General-2-20231217-12:28:06-21908,attr,SuperMarket.checkout.queues[1],queueingTime:mean,recordingmode,mean,
General-2-20231217-12:28:06-21908,attr,SuperMarket.checkout.queues[1],queueingTime:mean,title,"queueing time at dequeue, mean",
General-2-20231217-12:28:06-21908,attr,SuperMarket.checkout.queues[1],queueingTime:mean,unit,s,
General-2-20231217-12:28:06-21908,scalar,SuperMarket.checkout.queues[2],queueingTime:mean,,,215.73316833577
General-2-20231217-12:28:06-21908,attr,SuperMarket.checkout.queues[2],queueingTime:mean,interpolationmode,none,
General-2-20231217-12:28:06-21908,attr,SuperMarket.checkout.queues[2],queueingTime:mean,recordingmode,mean,
General-2-20231217-12:28:06-21908,attr,SuperMarket.checkout.queues[2],queueingTime:mean,title,"queueing time at dequeue, mean",
General-2-20231217-12:28:06-21908,attr,SuperMarket.checkout.queues[2],queueingTime:mean,unit,s,
General-2-20231217-12:28:06-21908,scalar,SuperMarket.checkout.queues[3],queueingTime:mean,,,193.08485567716
General-2-20231217-12:28:06-21908,attr,SuperMarket.checkout.queues[3],queueingTime:mean,interpolationmode,none,
General-2-20231217-12:28:06-21908,attr,SuperMarket.checkout.queues[3],queueingTime:mean,recordingmode,mean,
General-2-20231217-12:28:06-21908,attr,SuperMarket.checkout.queues[3],queueingTime:mean,title,"queueing time at dequeue, mean",
General-2-20231217-12:28:06-21908,attr,SuperMarket.checkout.queues[3],queueingTime:mean,unit,s,
General-3-20231217-12:28:06-7104,scalar,SuperMarket.checkout.queues[0],queueingTime:mean,,,0.91346119976367
General-3-20231217-12:28:06-7104,attr,SuperMarket.checkout.queues[0],queueingTime:mean,interpolationmode,none,
General-3-20231217-12:28:06-7104,attr,SuperMarket.checkout.queues[0],queueingTime:mean,recordingmode,mean,
General-3-20231217-12:28:06-7104,attr,SuperMarket.checkout.queues[0],queueingTime:mean,title,"queueing time at dequeue, mean",
General-3-20231217-12:28:06-7104,attr,SuperMarket.checkout.queues[0],queueingTime:mean,unit,s,
General-3-20231217-12:28:06-7104,scalar,SuperMarket.checkout.queues[1],queueingTime:mean,,,0
General-3-20231217-12:28:06-7104,attr,SuperMarket.checkout.queues[1],queueingTime:mean,interpolationmode,none,
General-3-20231217-12:28:06-7104,attr,SuperMarket.checkout.queues[1],queueingTime:mean,recordingmode,mean,
General-3-20231217-12:28:06-7104,attr,SuperMarket.checkout.queues[1],queueingTime:mean,title,"queueing time at dequeue, mean",
General-3-20231217-12:28:06-7104,attr,SuperMarket.checkout.queues[1],queueingTime:mean,unit,s,
General-3-20231217-12:28:06-7104,scalar,SuperMarket.checkout.queues[2],queueingTime:mean,,,192.76140687253
General-3-20231217-12:28:06-7104,attr,SuperMarket.checkout.queues[2],queueingTime:mean,interpolationmode,none,
General-3-20231217-12:28:06-7104,attr,SuperMarket.checkout.queues[2],queueingTime:mean,recordingmode,mean,
General-3-20231217-12:28:06-7104,attr,SuperMarket.checkout.queues[2],queueingTime:mean,title,"queueing time at dequeue, mean",
General-3-20231217-12:28:06-7104,attr,SuperMarket.checkout.queues[2],queueingTime:mean,unit,s,
General-3-20231217-12:28:06-7104,scalar,SuperMarket.checkout.queues[3],queueingTime:mean,,,177.70881109303
General-3-20231217-12:28:06-7104,attr,SuperMarket.checkout.queues[3],queueingTime:mean,interpolationmode,none,
General-3-20231217-12:28:06-7104,attr,SuperMarket.checkout.queues[3],queueingTime:mean,recordingmode,mean,
General-3-20231217-12:28:06-7104,attr,SuperMarket.checkout.queues[3],queueingTime:mean,title,"queueing time at dequeue, mean",
General-3-20231217-12:28:06-7104,attr,SuperMarket.checkout.queues[3],queueingTime:mean,unit,s,
General-4-20231217-12:28:06-21836,scalar,SuperMarket.checkout.queues[0],queueingTime:mean,,,1.134054127433
General-4-20231217-12:28:06-21836,attr,SuperMarket.checkout.queues[0],queueingTime:mean,interpolationmode,none,
General-4-20231217-12:28:06-21836,attr,SuperMarket.checkout.queues[0],queueingTime:mean,recordingmode,mean,
General-4-20231217-12:28:06-21836,attr,SuperMarket.checkout.queues[0],queueingTime:mean,title,"queueing time at dequeue, mean",
General-4-20231217-12:28:06-21836,attr,SuperMarket.checkout.queues[0],queueingTime:mean,unit,s,
General-4-20231217-12:28:06-21836,scalar,SuperMarket.checkout.queues[1],queueingTime:mean,,,1.4598653345849
General-4-20231217-12:28:06-21836,attr,SuperMarket.checkout.queues[1],queueingTime:mean,interpolationmode,none,
General-4-20231217-12:28:06-21836,attr,SuperMarket.checkout.queues[1],queueingTime:mean,recordingmode,mean,
General-4-20231217-12:28:06-21836,attr,SuperMarket.checkout.queues[1],queueingTime:mean,title,"queueing time at dequeue, mean",
General-4-20231217-12:28:06-21836,attr,SuperMarket.checkout.queues[1],queueingTime:mean,unit,s,
General-4-20231217-12:28:06-21836,scalar,SuperMarket.checkout.queues[2],queueingTime:mean,,,213.10296718806
General-4-20231217-12:28:06-21836,attr,SuperMarket.checkout.queues[2],queueingTime:mean,interpolationmode,none,
General-4-20231217-12:28:06-21836,attr,SuperMarket.checkout.queues[2],queueingTime:mean,recordingmode,mean,
General-4-20231217-12:28:06-21836,attr,SuperMarket.checkout.queues[2],queueingTime:mean,title,"queueing time at dequeue, mean",
General-4-20231217-12:28:06-21836,attr,SuperMarket.checkout.queues[2],queueingTime:mean,unit,s,
General-4-20231217-12:28:06-21836,scalar,SuperMarket.checkout.queues[3],queueingTime:mean,,,185.28471642752
General-4-20231217-12:28:06-21836,attr,SuperMarket.checkout.queues[3],queueingTime:mean,interpolationmode,none,
General-4-20231217-12:28:06-21836,attr,SuperMarket.checkout.queues[3],queueingTime:mean,recordingmode,mean,
General-4-20231217-12:28:06-21836,attr,SuperMarket.checkout.queues[3],queueingTime:mean,title,"queueing time at dequeue, mean",
General-4-20231217-12:28:06-21836,attr,SuperMarket.checkout.queues[3],queueingTime:mean,unit,s,
General-5-20231217-12:28:06-18608,scalar,SuperMarket.checkout.queues[0],queueingTime:mean,,,0.98794087021009
General-5-20231217-12:28:06-18608,attr,SuperMarket.checkout.queues[0],queueingTime:mean,interpolationmode,none,
General-5-20231217-12:28:06-18608,attr,SuperMarket.checkout.queues[0],queueingTime:mean,recordingmode,mean,
General-5-20231217-12:28:06-18608,attr,SuperMarket.checkout.queues[0],queueingTime:mean,title,"queueing time at dequeue, mean",
General-5-20231217-12:28:06-18608,attr,SuperMarket.checkout.queues[0],queueingTime:mean,unit,s,
General-5-20231217-12:28:06-18608,scalar,SuperMarket.checkout.queues[1],queueingTime:mean,,,3.1213421625545
General-5-20231217-12:28:06-18608,attr,SuperMarket.checkout.queues[1],queueingTime:mean,interpolationmode,none,
General-5-20231217-12:28:06-18608,attr,SuperMarket.checkout.queues[1],queueingTime:mean,recordingmode,mean,
General-5-20231217-12:28:06-18608,attr,SuperMarket.checkout.queues[1],queueingTime:mean,title,"queueing time at dequeue, mean",
General-5-20231217-12:28:06-18608,attr,SuperMarket.checkout.queues[1],queueingTime:mean,unit,s,
General-5-20231217-12:28:06-18608,scalar,SuperMarket.checkout.queues[2],queueingTime:mean,,,371.71478660366
General-5-20231217-12:28:06-18608,attr,SuperMarket.checkout.queues[2],queueingTime:mean,interpolationmode,none,
General-5-20231217-12:28:06-18608,attr,SuperMarket.checkout.queues[2],queueingTime:mean,recordingmode,mean,
General-5-20231217-12:28:06-18608,attr,SuperMarket.checkout.queues[2],queueingTime:mean,title,"queueing time at dequeue, mean",
General-5-20231217-12:28:06-18608,attr,SuperMarket.checkout.queues[2],queueingTime:mean,unit,s,
General-5-20231217-12:28:06-18608,scalar,SuperMarket.checkout.queues[3],queueingTime:mean,,,351.04748360676
General-5-20231217-12:28:06-18608,attr,SuperMarket.checkout.queues[3],queueingTime:mean,interpolationmode,none,
General-5-20231217-12:28:06-18608,attr,SuperMarket.checkout.queues[3],queueingTime:mean,recordingmode,mean,
General-5-20231217-12:28:06-18608,attr,SuperMarket.checkout.queues[3],queueingTime:mean,title,"queueing time at dequeue, mean",
General-5-20231217-12:28:06-18608,attr,SuperMarket.checkout.queues[3],queueingTime:mean,unit,s,
General-6-20231217-12:28:07-2548,scalar,SuperMarket.checkout.queues[0],queueingTime:mean,,,1.0327482773295
General-6-20231217-12:28:07-2548,attr,SuperMarket.checkout.queues[0],queueingTime:mean,interpolationmode,none,
General-6-20231217-12:28:07-2548,attr,SuperMarket.checkout.queues[0],queueingTime:mean,recordingmode,mean,
General-6-20231217-12:28:07-2548,attr,SuperMarket.checkout.queues[0],queueingTime:mean,title,"queueing time at dequeue, mean",
General-6-20231217-12:28:07-2548,attr,SuperMarket.checkout.queues[0],queueingTime:mean,unit,s,
General-6-20231217-12:28:07-2548,scalar,SuperMarket.checkout.queues[1],queueingTime:mean,,,0
General-6-20231217-12:28:07-2548,attr,SuperMarket.checkout.queues[1],queueingTime:mean,interpolationmode,none,
General-6-20231217-12:28:07-2548,attr,SuperMarket.checkout.queues[1],queueingTime:mean,recordingmode,mean,
General-6-20231217-12:28:07-2548,attr,SuperMarket.checkout.queues[1],queueingTime:mean,title,"queueing time at dequeue, mean",
General-6-20231217-12:28:07-2548,attr,SuperMarket.checkout.queues[1],queueingTime:mean,unit,s,
General-6-20231217-12:28:07-2548,scalar,SuperMarket.checkout.queues[2],queueingTime:mean,,,307.58882181616
General-6-20231217-12:28:07-2548,attr,SuperMarket.checkout.queues[2],queueingTime:mean,interpolationmode,none,
General-6-20231217-12:28:07-2548,attr,SuperMarket.checkout.queues[2],queueingTime:mean,recordingmode,mean,
General-6-20231217-12:28:07-2548,attr,SuperMarket.checkout.queues[2],queueingTime:mean,title,"queueing time at dequeue, mean",
General-6-20231217-12:28:07-2548,attr,SuperMarket.checkout.queues[2],queueingTime:mean,unit,s,
General-6-20231217-12:28:07-2548,scalar,SuperMarket.checkout.queues[3],queueingTime:mean,,,295.90519555853
General-6-20231217-12:28:07-2548,attr,SuperMarket.checkout.queues[3],queueingTime:mean,interpolationmode,none,
General-6-20231217-12:28:07-2548,attr,SuperMarket.checkout.queues[3],queueingTime:mean,recordingmode,mean,
General-6-20231217-12:28:07-2548,attr,SuperMarket.checkout.queues[3],queueingTime:mean,title,"queueing time at dequeue, mean",
General-6-20231217-12:28:07-2548,attr,SuperMarket.checkout.queues[3],queueingTime:mean,unit,s,
General-7-20231217-12:28:07-22804,scalar,SuperMarket.checkout.queues[0],queueingTime:mean,,,0.88254739979633
General-7-20231217-12:28:07-22804,attr,SuperMarket.checkout.queues[0],queueingTime:mean,interpolationmode,none,
General-7-20231217-12:28:07-22804,attr,SuperMarket.checkout.queues[0],queueingTime:mean,recordingmode,mean,
General-7-20231217-12:28:07-22804,attr,SuperMarket.checkout.queues[0],queueingTime:mean,title,"queueing time at dequeue, mean",
General-7-20231217-12:28:07-22804,attr,SuperMarket.checkout.queues[0],queueingTime:mean,unit,s,
General-7-20231217-12:28:07-22804,scalar,SuperMarket.checkout.queues[1],queueingTime:mean,,,0.87872117871044
General-7-20231217-12:28:07-22804,attr,SuperMarket.checkout.queues[1],queueingTime:mean,interpolationmode,none,
General-7-20231217-12:28:07-22804,attr,SuperMarket.checkout.queues[1],queueingTime:mean,recordingmode,mean,
General-7-20231217-12:28:07-22804,attr,SuperMarket.checkout.queues[1],queueingTime:mean,title,"queueing time at dequeue, mean",
General-7-20231217-12:28:07-22804,attr,SuperMarket.checkout.queues[1],queueingTime:mean,unit,s,
General-7-20231217-12:28:07-22804,scalar,SuperMarket.checkout.queues[2],queueingTime:mean,,,212.77124492607
General-7-20231217-12:28:07-22804,attr,SuperMarket.checkout.queues[2],queueingTime:mean,interpolationmode,none,
General-7-20231217-12:28:07-22804,attr,SuperMarket.checkout.queues[2],queueingTime:mean,recordingmode,mean,
General-7-20231217-12:28:07-22804,attr,SuperMarket.checkout.queues[2],queueingTime:mean,title,"queueing time at dequeue, mean",
General-7-20231217-12:28:07-22804,attr,SuperMarket.checkout.queues[2],queueingTime:mean,unit,s,
General-7-20231217-12:28:07-22804,scalar,SuperMarket.checkout.queues[3],queueingTime:mean,,,218.97545745291
General-7-20231217-12:28:07-22804,attr,SuperMarket.checkout.queues[3],queueingTime:mean,interpolationmode,none,
General-7-20231217-12:28:07-22804,attr,SuperMarket.checkout.queues[3],queueingTime:mean,recordingmode,mean,
General-7-20231217-12:28:07-22804,attr,SuperMarket.checkout.queues[3],queueingTime:mean,title,"queueing time at dequeue, mean",
General-7-20231217-12:28:07-22804,attr,SuperMarket.checkout.queues[3],queueingTime:mean,unit,s,
General-8-20231217-12:28:07-21804,scalar,SuperMarket.checkout.queues[0],queueingTime:mean,,,1.1096302231937
General-8-20231217-12:28:07-21804,attr,SuperMarket.checkout.queues[0],queueingTime:mean,interpolationmode,none,
General-8-20231217-12:28:07-21804,attr,SuperMarket.checkout.queues[0],queueingTime:mean,recordingmode,mean,
General-8-20231217-12:28:07-21804,attr,SuperMarket.checkout.queues[0],queueingTime:mean,title,"queueing time at dequeue, mean",
General-8-20231217-12:28:07-21804,attr,SuperMarket.checkout.queues[0],queueingTime:mean,unit,s,
General-8-20231217-12:28:07-21804,scalar,SuperMarket.checkout.queues[1],queueingTime:mean,,,0
General-8-20231217-12:28:07-21804,attr,SuperMarket.checkout.queues[1],queueingTime:mean,interpolationmode,none,
General-8-20231217-12:28:07-21804,attr,SuperMarket.checkout.queues[1],queueingTime:mean,recordingmode,mean,
General-8-20231217-12:28:07-21804,attr,SuperMarket.checkout.queues[1],queueingTime:mean,title,"queueing time at dequeue, mean",
General-8-20231217-12:28:07-21804,attr,SuperMarket.checkout.queues[1],queueingTime:mean,unit,s,
General-8-20231217-12:28:07-21804,scalar,SuperMarket.checkout.queues[2],queueingTime:mean,,,316.74119872549
General-8-20231217-12:28:07-21804,attr,SuperMarket.checkout.queues[2],queueingTime:mean,interpolationmode,none,
General-8-20231217-12:28:07-21804,attr,SuperMarket.checkout.queues[2],queueingTime:mean,recordingmode,mean,
General-8-20231217-12:28:07-21804,attr,SuperMarket.checkout.queues[2],queueingTime:mean,title,"queueing time at dequeue, mean",
General-8-20231217-12:28:07-21804,attr,SuperMarket.checkout.queues[2],queueingTime:mean,unit,s,
General-8-20231217-12:28:07-21804,scalar,SuperMarket.checkout.queues[3],queueingTime:mean,,,296.85389122064
General-8-20231217-12:28:07-21804,attr,SuperMarket.checkout.queues[3],queueingTime:mean,interpolationmode,none,
General-8-20231217-12:28:07-21804,attr,SuperMarket.checkout.queues[3],queueingTime:mean,recordingmode,mean,
General-8-20231217-12:28:07-21804,attr,SuperMarket.checkout.queues[3],queueingTime:mean,title,"queueing time at dequeue, mean",
General-8-20231217-12:28:07-21804,attr,SuperMarket.checkout.queues[3],queueingTime:mean,unit,s,
General-9-20231217-12:28:07-8412,scalar,SuperMarket.checkout.queues[0],queueingTime:mean,,,1.09883647559
General-9-20231217-12:28:07-8412,attr,SuperMarket.checkout.queues[0],queueingTime:mean,interpolationmode,none,
General-9-20231217-12:28:07-8412,attr,SuperMarket.checkout.queues[0],queueingTime:mean,recordingmode,mean,
General-9-20231217-12:28:07-8412,attr,SuperMarket.checkout.queues[0],queueingTime:mean,title,"queueing time at dequeue, mean",
General-9-20231217-12:28:07-8412,attr,SuperMarket.checkout.queues[0],queueingTime:mean,unit,s,
General-9-20231217-12:28:07-8412,scalar,SuperMarket.checkout.queues[1],queueingTime:mean,,,1.8417530224079
General-9-20231217-12:28:07-8412,attr,SuperMarket.checkout.queues[1],queueingTime:mean,interpolationmode,none,
General-9-20231217-12:28:07-8412,attr,SuperMarket.checkout.queues[1],queueingTime:mean,recordingmode,mean,
General-9-20231217-12:28:07-8412,attr,SuperMarket.checkout.queues[1],queueingTime:mean,title,"queueing time at dequeue, mean",
General-9-20231217-12:28:07-8412,attr,SuperMarket.checkout.queues[1],queueingTime:mean,unit,s,
General-9-20231217-12:28:07-8412,scalar,SuperMarket.checkout.queues[2],queueingTime:mean,,,255.25941690224
General-9-20231217-12:28:07-8412,attr,SuperMarket.checkout.queues[2],queueingTime:mean,interpolationmode,none,
General-9-20231217-12:28:07-8412,attr,SuperMarket.checkout.queues[2],queueingTime:mean,recordingmode,mean,
General-9-20231217-12:28:07-8412,attr,SuperMarket.checkout.queues[2],queueingTime:mean,title,"queueing time at dequeue, mean",
General-9-20231217-12:28:07-8412,attr,SuperMarket.checkout.queues[2],queueingTime:mean,unit,s,
General-9-20231217-12:28:07-8412,scalar,SuperMarket.checkout.queues[3],queueingTime:mean,,,235.69988792589
General-9-20231217-12:28:07-8412,attr,SuperMarket.checkout.queues[3],queueingTime:mean,interpolationmode,none,
General-9-20231217-12:28:07-8412,attr,SuperMarket.checkout.queues[3],queueingTime:mean,recordingmode,mean,
General-9-20231217-12:28:07-8412,attr,SuperMarket.checkout.queues[3],queueingTime:mean,title,"queueing time at dequeue, mean",
General-9-20231217-12:28:07-8412,attr,SuperMarket.checkout.queues[3],queueingTime:mean,unit,s,
General-10-20231217-12:28:07-18408,scalar,SuperMarket.checkout.queues[0],queueingTime:mean,,,0.89470839242087
General-10-20231217-12:28:07-18408,attr,SuperMarket.checkout.queues[0],queueingTime:mean,interpolationmode,none,
General-10-20231217-12:28:07-18408,attr,SuperMarket.checkout.queues[0],queueingTime:mean,recordingmode,mean,
General-10-20231217-12:28:07-18408,attr,SuperMarket.checkout.queues[0],queueingTime:mean,title,"queueing time at dequeue, mean",
General-10-20231217-12:28:07-18408,attr,SuperMarket.checkout.queues[0],queueingTime:mean,unit,s,
General-10-20231217-12:28:07-18408,scalar,SuperMarket.checkout.queues[1],queueingTime:mean,,,0
General-10-20231217-12:28:07-18408,attr,SuperMarket.checkout.queues[1],queueingTime:mean,interpolationmode,none,
General-10-20231217-12:28:07-18408,attr,SuperMarket.checkout.queues[1],queueingTime:mean,recordingmode,mean,
General-10-20231217-12:28:07-18408,attr,SuperMarket.checkout.queues[1],queueingTime:mean,title,"queueing time at dequeue, mean",
General-10-20231217-12:28:07-18408,attr,SuperMarket.checkout.queues[1],queueingTime:mean,unit,s,
General-10-20231217-12:28:07-18408,scalar,SuperMarket.checkout.queues[2],queueingTime:mean,,,499.41588162031
General-10-20231217-12:28:07-18408,attr,SuperMarket.checkout.queues[2],queueingTime:mean,interpolationmode,none,
General-10-20231217-12:28:07-18408,attr,SuperMarket.checkout.queues[2],queueingTime:mean,recordingmode,mean,
General-10-20231217-12:28:07-18408,attr,SuperMarket.checkout.queues[2],queueingTime:mean,title,"queueing time at dequeue, mean",
General-10-20231217-12:28:07-18408,attr,SuperMarket.checkout.queues[2],queueingTime:mean,unit,s,
General-10-20231217-12:28:07-18408,scalar,SuperMarket.checkout.queues[3],queueingTime:mean,,,538.66226389066
General-10-20231217-12:28:07-18408,attr,SuperMarket.checkout.queues[3],queueingTime:mean,interpolationmode,none,
General-10-20231217-12:28:07-18408,attr,SuperMarket.checkout.queues[3],queueingTime:mean,recordingmode,mean,
General-10-20231217-12:28:07-18408,attr,SuperMarket.checkout.queues[3],queueingTime:mean,title,"queueing time at dequeue, mean",
General-10-20231217-12:28:07-18408,attr,SuperMarket.checkout.queues[3],queueingTime:mean,unit,s,
General-11-20231217-12:28:07-22720,scalar,SuperMarket.checkout.queues[0],queueingTime:mean,,,1.1265595849381
General-11-20231217-12:28:07-22720,attr,SuperMarket.checkout.queues[0],queueingTime:mean,interpolationmode,none,
General-11-20231217-12:28:07-22720,attr,SuperMarket.checkout.queues[0],queueingTime:mean,recordingmode,mean,
General-11-20231217-12:28:07-22720,attr,SuperMarket.checkout.queues[0],queueingTime:mean,title,"queueing time at dequeue, mean",
General-11-20231217-12:28:07-22720,attr,SuperMarket.checkout.queues[0],queueingTime:mean,unit,s,
General-11-20231217-12:28:07-22720,scalar,SuperMarket.checkout.queues[1],queueingTime:mean,,,2.3816957904284
General-11-20231217-12:28:07-22720,attr,SuperMarket.checkout.queues[1],queueingTime:mean,interpolationmode,none,
General-11-20231217-12:28:07-22720,attr,SuperMarket.checkout.queues[1],queueingTime:mean,recordingmode,mean,
General-11-20231217-12:28:07-22720,attr,SuperMarket.checkout.queues[1],queueingTime:mean,title,"queueing time at dequeue, mean",
General-11-20231217-12:28:07-22720,attr,SuperMarket.checkout.queues[1],queueingTime:mean,unit,s,
General-11-20231217-12:28:07-22720,scalar,SuperMarket.checkout.queues[2],queueingTime:mean,,,187.18248491176
General-11-20231217-12:28:07-22720,attr,SuperMarket.checkout.queues[2],queueingTime:mean,interpolationmode,none,
General-11-20231217-12:28:07-22720,attr,SuperMarket.checkout.queues[2],queueingTime:mean,recordingmode,mean,
General-11-20231217-12:28:07-22720,attr,SuperMarket.checkout.queues[2],queueingTime:mean,title,"queueing time at dequeue, mean",
General-11-20231217-12:28:07-22720,attr,SuperMarket.checkout.queues[2],queueingTime:mean,unit,s,
General-11-20231217-12:28:07-22720,scalar,SuperMarket.checkout.queues[3],queueingTime:mean,,,176.65215861044
General-11-20231217-12:28:07-22720,attr,SuperMarket.checkout.queues[3],queueingTime:mean,interpolationmode,none,
General-11-20231217-12:28:07-22720,attr,SuperMarket.checkout.queues[3],queueingTime:mean,recordingmode,mean,
General-11-20231217-12:28:07-22720,attr,SuperMarket.checkout.queues[3],queueingTime:mean,title,"queueing time at dequeue, mean",
General-11-20231217-12:28:07-22720,attr,SuperMarket.checkout.queues[3],queueingTime:mean,unit,s,
General-12-20231217-12:28:08-21668,scalar,SuperMarket.checkout.queues[0],queueingTime:mean,,,0.86410347329284
General-12-20231217-12:28:08-21668,attr,SuperMarket.checkout.queues[0],queueingTime:mean,interpolationmode,none,
General-12-20231217-12:28:08-21668,attr,SuperMarket.checkout.queues[0],queueingTime:mean,recordingmode,mean,
General-12-20231217-12:28:08-21668,attr,SuperMarket.checkout.queues[0],queueingTime:mean,title,"queueing time at dequeue, mean",
General-12-20231217-12:28:08-21668,attr,SuperMarket.checkout.queues[0],queueingTime:mean,unit,s,
General-12-20231217-12:28:08-21668,scalar,SuperMarket.checkout.queues[1],queueingTime:mean,,,2.9189382493463
General-12-20231217-12:28:08-21668,attr,SuperMarket.checkout.queues[1],queueingTime:mean,interpolationmode,none,
General-12-20231217-12:28:08-21668,attr,SuperMarket.checkout.queues[1],queueingTime:mean,recordingmode,mean,
General-12-20231217-12:28:08-21668,attr,SuperMarket.checkout.queues[1],queueingTime:mean,title,"queueing time at dequeue, mean",
General-12-20231217-12:28:08-21668,attr,SuperMarket.checkout.queues[1],queueingTime:mean,unit,s,
General-12-20231217-12:28:08-21668,scalar,SuperMarket.checkout.queues[2],queueingTime:mean,,,237.20509101874
General-12-20231217-12:28:08-21668,attr,SuperMarket.checkout.queues[2],queueingTime:mean,interpolationmode,none,
General-12-20231217-12:28:08-21668,attr,SuperMarket.checkout.queues[2],queueingTime:mean,recordingmode,mean,
General-12-20231217-12:28:08-21668,attr,SuperMarket.checkout.queues[2],queueingTime:mean,title,"queueing time at dequeue, mean",
General-12-20231217-12:28:08-21668,attr,SuperMarket.checkout.queues[2],queueingTime:mean,unit,s,
General-12-20231217-12:28:08-21668,scalar,SuperMarket.checkout.queues[3],queueingTime:mean,,,225.36358780644
General-12-20231217-12:28:08-21668,attr,SuperMarket.checkout.queues[3],queueingTime:mean,interpolationmode,none,
General-12-20231217-12:28:08-21668,attr,SuperMarket.checkout.queues[3],queueingTime:mean,recordingmode,mean,
General-12-20231217-12:28:08-21668,attr,SuperMarket.checkout.queues[3],queueingTime:mean,title,"queueing time at dequeue, mean",
General-12-20231217-12:28:08-21668,attr,SuperMarket.checkout.queues[3],queueingTime:mean,unit,s,
General-13-20231217-12:28:08-12196,scalar,SuperMarket.checkout.queues[0],queueingTime:mean,,,0.96032808095988
General-13-20231217-12:28:08-12196,attr,SuperMarket.checkout.queues[0],queueingTime:mean,interpolationmode,none,
General-13-20231217-12:28:08-12196,attr,SuperMarket.checkout.queues[0],queueingTime:mean,recordingmode,mean,
General-13-20231217-12:28:08-12196,attr,SuperMarket.checkout.queues[0],queueingTime:mean,title,"queueing time at dequeue, mean",
General-13-20231217-12:28:08-12196,attr,SuperMarket.checkout.queues[0],queueingTime:mean,unit,s,
General-13-20231217-12:28:08-12196,scalar,SuperMarket.checkout.queues[1],queueingTime:mean,,,1.5269422621495
General-13-20231217-12:28:08-12196,attr,SuperMarket.checkout.queues[1],queueingTime:mean,interpolationmode,none,
General-13-20231217-12:28:08-12196,attr,SuperMarket.checkout.queues[1],queueingTime:mean,recordingmode,mean,
General-13-20231217-12:28:08-12196,attr,SuperMarket.checkout.queues[1],queueingTime:mean,title,"queueing time at dequeue, mean",
General-13-20231217-12:28:08-12196,attr,SuperMarket.checkout.queues[1],queueingTime:mean,unit,s,
General-13-20231217-12:28:08-12196,scalar,SuperMarket.checkout.queues[2],queueingTime:mean,,,368.26997156187
General-13-20231217-12:28:08-12196,attr,SuperMarket.checkout.queues[2],queueingTime:mean,interpolationmode,none,
General-13-20231217-12:28:08-12196,attr,SuperMarket.checkout.queues[2],queueingTime:mean,recordingmode,mean,
General-13-20231217-12:28:08-12196,attr,SuperMarket.checkout.queues[2],queueingTime:mean,title,"queueing time at dequeue, mean",
General-13-20231217-12:28:08-12196,attr,SuperMarket.checkout.queues[2],queueingTime:mean,unit,s,
General-13-20231217-12:28:08-12196,scalar,SuperMarket.checkout.queues[3],queueingTime:mean,,,389.13454337321
General-13-20231217-12:28:08-12196,attr,SuperMarket.checkout.queues[3],queueingTime:mean,interpolationmode,none,
General-13-20231217-12:28:08-12196,attr,SuperMarket.checkout.queues[3],queueingTime:mean,recordingmode,mean,
General-13-20231217-12:28:08-12196,attr,SuperMarket.checkout.queues[3],queueingTime:mean,title,"queueing time at dequeue, mean",
General-13-20231217-12:28:08-12196,attr,SuperMarket.checkout.queues[3],queueingTime:mean,unit,s,
General-14-20231217-12:28:08-11424,scalar,SuperMarket.checkout.queues[0],queueingTime:mean,,,1.000744613472
General-14-20231217-12:28:08-11424,attr,SuperMarket.checkout.queues[0],queueingTime:mean,interpolationmode,none,
General-14-20231217-12:28:08-11424,attr,SuperMarket.checkout.queues[0],queueingTime:mean,recordingmode,mean,
General-14-20231217-12:28:08-11424,attr,SuperMarket.checkout.queues[0],queueingTime:mean,title,"queueing time at dequeue, mean",
General-14-20231217-12:28:08-11424,attr,SuperMarket.checkout.queues[0],queueingTime:mean,unit,s,
General-14-20231217-12:28:08-11424,scalar,SuperMarket.checkout.queues[1],queueingTime:mean,,,0.41255973356543
General-14-20231217-12:28:08-11424,attr,SuperMarket.checkout.queues[1],queueingTime:mean,interpolationmode,none,
General-14-20231217-12:28:08-11424,attr,SuperMarket.checkout.queues[1],queueingTime:mean,recordingmode,mean,
General-14-20231217-12:28:08-11424,attr,SuperMarket.checkout.queues[1],queueingTime:mean,title,"queueing time at dequeue, mean",
General-14-20231217-12:28:08-11424,attr,SuperMarket.checkout.queues[1],queueingTime:mean,unit,s,
General-14-20231217-12:28:08-11424,scalar,SuperMarket.checkout.queues[2],queueingTime:mean,,,294.74128802542
General-14-20231217-12:28:08-11424,attr,SuperMarket.checkout.queues[2],queueingTime:mean,interpolationmode,none,
General-14-20231217-12:28:08-11424,attr,SuperMarket.checkout.queues[2],queueingTime:mean,recordingmode,mean,
General-14-20231217-12:28:08-11424,attr,SuperMarket.checkout.queues[2],queueingTime:mean,title,"queueing time at dequeue, mean",
General-14-20231217-12:28:08-11424,attr,SuperMarket.checkout.queues[2],queueingTime:mean,unit,s,
General-14-20231217-12:28:08-11424,scalar,SuperMarket.checkout.queues[3],queueingTime:mean,,,278.24893348457
General-14-20231217-12:28:08-11424,attr,SuperMarket.checkout.queues[3],queueingTime:mean,interpolationmode,none,
General-14-20231217-12:28:08-11424,attr,SuperMarket.checkout.queues[3],queueingTime:mean,recordingmode,mean,
General-14-20231217-12:28:08-11424,attr,SuperMarket.checkout.queues[3],queueingTime:mean,title,"queueing time at dequeue, mean",
General-14-20231217-12:28:08-11424,attr,SuperMarket.checkout.queues[3],queueingTime:mean,unit,s,
General-15-20231217-12:28:08-19724,scalar,SuperMarket.checkout.queues[0],queueingTime:mean,,,0.88666040021305
General-15-20231217-12:28:08-19724,attr,SuperMarket.checkout.queues[0],queueingTime:mean,interpolationmode,none,
General-15-20231217-12:28:08-19724,attr,SuperMarket.checkout.queues[0],queueingTime:mean,recordingmode,mean,
General-15-20231217-12:28:08-19724,attr,SuperMarket.checkout.queues[0],queueingTime:mean,title,"queueing time at dequeue, mean",
General-15-20231217-12:28:08-19724,attr,SuperMarket.checkout.queues[0],queueingTime:mean,unit,s,
General-15-20231217-12:28:08-19724,scalar,SuperMarket.checkout.queues[1],queueingTime:mean,,,0
General-15-20231217-12:28:08-19724,attr,SuperMarket.checkout.queues[1],queueingTime:mean,interpolationmode,none,
General-15-20231217-12:28:08-19724,attr,SuperMarket.checkout.queues[1],queueingTime:mean,recordingmode,mean,
General-15-20231217-12:28:08-19724,attr,SuperMarket.checkout.queues[1],queueingTime:mean,title,"queueing time at dequeue, mean",
General-15-20231217-12:28:08-19724,attr,SuperMarket.checkout.queues[1],queueingTime:mean,unit,s,
General-15-20231217-12:28:08-19724,scalar,SuperMarket.checkout.queues[2],queueingTime:mean,,,157.37386059891
General-15-20231217-12:28:08-19724,attr,SuperMarket.checkout.queues[2],queueingTime:mean,interpolationmode,none,
General-15-20231217-12:28:08-19724,attr,SuperMarket.checkout.queues[2],queueingTime:mean,recordingmode,mean,
General-15-20231217-12:28:08-19724,attr,SuperMarket.checkout.queues[2],queueingTime:mean,title,"queueing time at dequeue, mean",
General-15-20231217-12:28:08-19724,attr,SuperMarket.checkout.queues[2],queueingTime:mean,unit,s,
General-15-20231217-12:28:08-19724,scalar,SuperMarket.checkout.queues[3],queueingTime:mean,,,142.74738033882
General-15-20231217-12:28:08-19724,attr,SuperMarket.checkout.queues[3],queueingTime:mean,interpolationmode,none,
General-15-20231217-12:28:08-19724,attr,SuperMarket.checkout.queues[3],queueingTime:mean,recordingmode,mean,
General-15-20231217-12:28:08-19724,attr,SuperMarket.checkout.queues[3],queueingTime:mean,title,"queueing time at dequeue, mean",
General-15-20231217-12:28:08-19724,attr,SuperMarket.checkout.queues[3],queueingTime:mean,unit,s,
General-16-20231217-12:28:08-18952,scalar,SuperMarket.checkout.queues[0],queueingTime:mean,,,0.89239068079335
General-16-20231217-12:28:08-18952,attr,SuperMarket.checkout.queues[0],queueingTime:mean,interpolationmode,none,
General-16-20231217-12:28:08-18952,attr,SuperMarket.checkout.queues[0],queueingTime:mean,recordingmode,mean,
General-16-20231217-12:28:08-18952,attr,SuperMarket.checkout.queues[0],queueingTime:mean,title,"queueing time at dequeue, mean",
General-16-20231217-12:28:08-18952,attr,SuperMarket.checkout.queues[0],queueingTime:mean,unit,s,
General-16-20231217-12:28:08-18952,scalar,SuperMarket.checkout.queues[1],queueingTime:mean,,,0
General-16-20231217-12:28:08-18952,attr,SuperMarket.checkout.queues[1],queueingTime:mean,interpolationmode,none,
General-16-20231217-12:28:08-18952,attr,SuperMarket.checkout.queues[1],queueingTime:mean,recordingmode,mean,
General-16-20231217-12:28:08-18952,attr,SuperMarket.checkout.queues[1],queueingTime:mean,title,"queueing time at dequeue, mean",
General-16-20231217-12:28:08-18952,attr,SuperMarket.checkout.queues[1],queueingTime:mean,unit,s,
General-16-20231217-12:28:08-18952,scalar,SuperMarket.checkout.queues[2],queueingTime:mean,,,519.65263386267
General-16-20231217-12:28:08-18952,attr,SuperMarket.checkout.queues[2],queueingTime:mean,interpolationmode,none,
General-16-20231217-12:28:08-18952,attr,SuperMarket.checkout.queues[2],queueingTime:mean,recordingmode,mean,
General-16-20231217-12:28:08-18952,attr,SuperMarket.checkout.queues[2],queueingTime:mean,title,"queueing time at dequeue, mean",
General-16-20231217-12:28:08-18952,attr,SuperMarket.checkout.queues[2],queueingTime:mean,unit,s,
General-16-20231217-12:28:08-18952,scalar,SuperMarket.checkout.queues[3],queueingTime:mean,,,490.96308128208
General-16-20231217-12:28:08-18952,attr,SuperMarket.checkout.queues[3],queueingTime:mean,interpolationmode,none,
General-16-20231217-12:28:08-18952,attr,SuperMarket.checkout.queues[3],queueingTime:mean,recordingmode,mean,
General-16-20231217-12:28:08-18952,attr,SuperMarket.checkout.queues[3],queueingTime:mean,title,"queueing time at dequeue, mean",
General-16-20231217-12:28:08-18952,attr,SuperMarket.checkout.queues[3],queueingTime:mean,unit,s,
General-17-20231217-12:28:08-8712,scalar,SuperMarket.checkout.queues[0],queueingTime:mean,,,1.0261791504507
General-17-20231217-12:28:08-8712,attr,SuperMarket.checkout.queues[0],queueingTime:mean,interpolationmode,none,
General-17-20231217-12:28:08-8712,attr,SuperMarket.checkout.queues[0],queueingTime:mean,recordingmode,mean,
General-17-20231217-12:28:08-8712,attr,SuperMarket.checkout.queues[0],queueingTime:mean,title,"queueing time at dequeue, mean",
General-17-20231217-12:28:08-8712,attr,SuperMarket.checkout.queues[0],queueingTime:mean,unit,s,
General-17-20231217-12:28:08-8712,scalar,SuperMarket.checkout.queues[1],queueingTime:mean,,,0.83600998476987
General-17-20231217-12:28:08-8712,attr,SuperMarket.checkout.queues[1],queueingTime:mean,interpolationmode,none,
General-17-20231217-12:28:08-8712,attr,SuperMarket.checkout.queues[1],queueingTime:mean,recordingmode,mean,
General-17-20231217-12:28:08-8712,attr,SuperMarket.checkout.queues[1],queueingTime:mean,title,"queueing time at dequeue, mean",
General-17-20231217-12:28:08-8712,attr,SuperMarket.checkout.queues[1],queueingTime:mean,unit,s,
General-17-20231217-12:28:08-8712,scalar,SuperMarket.checkout.queues[2],queueingTime:mean,,,228.03667051301
General-17-20231217-12:28:08-8712,attr,SuperMarket.checkout.queues[2],queueingTime:mean,interpolationmode,none,
General-17-20231217-12:28:08-8712,attr,SuperMarket.checkout.queues[2],queueingTime:mean,recordingmode,mean,
General-17-20231217-12:28:08-8712,attr,SuperMarket.checkout.queues[2],queueingTime:mean,title,"queueing time at dequeue, mean",
General-17-20231217-12:28:08-8712,attr,SuperMarket.checkout.queues[2],queueingTime:mean,unit,s,
General-17-20231217-12:28:08-8712,scalar,SuperMarket.checkout.queues[3],queueingTime:mean,,,205.22006300454
General-17-20231217-12:28:08-8712,attr,SuperMarket.checkout.queues[3],queueingTime:mean,interpolationmode,none,
General-17-20231217-12:28:08-8712,attr,SuperMarket.checkout.queues[3],queueingTime:mean,recordingmode,mean,
General-17-20231217-12:28:08-8712,attr,SuperMarket.checkout.queues[3],queueingTime:mean,title,"queueing time at dequeue, mean",
General-17-20231217-12:28:08-8712,attr,SuperMarket.checkout.queues[3],queueingTime:mean,unit,s,
General-18-20231217-12:28:09-13848,scalar,SuperMarket.checkout.queues[0],queueingTime:mean,,,1.1376279558656
General-18-20231217-12:28:09-13848,attr,SuperMarket.checkout.queues[0],queueingTime:mean,interpolationmode,none,
General-18-20231217-12:28:09-13848,attr,SuperMarket.checkout.queues[0],queueingTime:mean,recordingmode,mean,
General-18-20231217-12:28:09-13848,attr,SuperMarket.checkout.queues[0],queueingTime:mean,title,"queueing time at dequeue, mean",
General-18-20231217-12:28:09-13848,attr,SuperMarket.checkout.queues[0],queueingTime:mean,unit,s,
General-18-20231217-12:28:09-13848,scalar,SuperMarket.checkout.queues[1],queueingTime:mean,,,1.1585601316067
General-18-20231217-12:28:09-13848,attr,SuperMarket.checkout.queues[1],queueingTime:mean,interpolationmode,none,
General-18-20231217-12:28:09-13848,attr,SuperMarket.checkout.queues[1],queueingTime:mean,recordingmode,mean,
General-18-20231217-12:28:09-13848,attr,SuperMarket.checkout.queues[1],queueingTime:mean,title,"queueing time at dequeue, mean",
General-18-20231217-12:28:09-13848,attr,SuperMarket.checkout.queues[1],queueingTime:mean,unit,s,
General-18-20231217-12:28:09-13848,scalar,SuperMarket.checkout.queues[2],queueingTime:mean,,,458.88182398687
General-18-20231217-12:28:09-13848,attr,SuperMarket.checkout.queues[2],queueingTime:mean,interpolationmode,none,
General-18-20231217-12:28:09-13848,attr,SuperMarket.checkout.queues[2],queueingTime:mean,recordingmode,mean,
General-18-20231217-12:28:09-13848,attr,SuperMarket.checkout.queues[2],queueingTime:mean,title,"queueing time at dequeue, mean",
General-18-20231217-12:28:09-13848,attr,SuperMarket.checkout.queues[2],queueingTime:mean,unit,s,
General-18-20231217-12:28:09-13848,scalar,SuperMarket.checkout.queues[3],queueingTime:mean,,,441.94778863606
General-18-20231217-12:28:09-13848,attr,SuperMarket.checkout.queues[3],queueingTime:mean,interpolationmode,none,
General-18-20231217-12:28:09-13848,attr,SuperMarket.checkout.queues[3],queueingTime:mean,recordingmode,mean,
General-18-20231217-12:28:09-13848,attr,SuperMarket.checkout.queues[3],queueingTime:mean,title,"queueing time at dequeue, mean",
General-18-20231217-12:28:09-13848,attr,SuperMarket.checkout.queues[3],queueingTime:mean,unit,s,
